id;contact_name;department;telephone_extension;phone_number
1;Lead Administrator;Cotton connecting Kenyan Shilling;bus India;synthesizing
2;payment fault-tolerant Cambridgeshire;payment;Jordan Handmade Rubber Car Principal;matrices Product Bedfordshire
3;Optimization neural Michigan;vertical Chair withdrawal;Wooden;Ball blue open architecture
4;Regional;yellow;3rd generation partnerships software;program
5;homogeneous Director index;alarm;Somali Shilling;Nebraska Functionality convergence
6;New Israeli Sheqel Practical Steel Pants;Jewelery online channels;Architect internet solution calculating;Fantastic incentivize Point
7;Unbranded;Manat;Tuna Shoes;Personal Loan Account directional Assistant
8;Fully-configurable;Grocery Inverse navigate;Identity;Investment Account Money Market Account
9;Credit Card Account radical Awesome;Organized Dong;Industrial;compress Gorgeous Plastic Keyboard
10;fresh-thinking;Baby bypass;Kenyan Shilling;recontextualize Bedfordshire Licensed
